City,Lat,Lng,Max Temp,Humidity,Cloudiness,Wind Speed,Country,Date
Aripuanã,-9.1667,-60.6333,85.6,59,70,1.92,BR,1610455845
Jamestown,42.097,-79.2353,27.0,80,90,6.91,US,1610455581
Bluff,-46.6,168.3333,52.0,84,16,1.01,NZ,1610455847
Narsaq,60.9167,-46.05,42.8,33,75,20.71,GL,1610455848
Hong Kong,22.2855,114.1577,55.99,30,37,11.16,HK,1610455586
Thompson,55.7435,-97.8558,12.2,92,90,4.88,CA,1610455849
Punta Arenas,-53.15,-70.9167,46.4,66,0,32.21,CL,1610455765
Bac Lieu,9.285,105.7244,74.77,76,0,11.81,VN,1610455850
Hermanus,-34.4187,19.2345,73.99,80,81,8.99,ZA,1610455850
Lebu,-37.6167,-73.65,56.82,43,0,18.81,CL,1610455851
Pevek,69.7008,170.3133,-34.17,84,38,2.13,RU,1610455851
Mataura,-46.1927,168.8643,52.0,84,49,1.01,NZ,1610455852
Fortuna,40.5982,-124.1573,55.99,87,90,20.71,US,1610455853
Rancagua,-34.1708,-70.7444,60.8,51,0,4.05,CL,1610455853
Port Elizabeth,-33.918,25.5701,71.6,88,90,13.8,ZA,1610455854
Cherskiy,68.75,161.3,-33.83,82,0,0.98,RU,1610455854
Atuona,-9.8,-139.0333,76.73,81,4,14.56,PF,1610455855
Saiha,22.4833,92.9667,60.17,59,0,1.88,IN,1610455681
Havelock,34.8791,-76.9013,46.0,100,90,8.05,US,1610455583
Aloleng,16.1307,119.7824,75.74,79,55,17.58,PH,1610455858
Busselton,-33.65,115.3333,61.0,73,0,1.99,AU,1610455858
Mabaruma,8.2,-59.7833,77.86,87,1,5.93,GY,1610455859
Provideniya,64.3833,-173.3,-9.85,83,97,10.69,RU,1610455860
Puerto Ayora,-0.7393,-90.3518,73.99,94,73,9.06,EC,1610455860
Koumac,-20.5667,164.2833,81.05,83,82,3.67,NC,1610455861
Chui,-33.6971,-53.4616,70.18,56,94,14.72,UY,1610455862
Forsytheganj,52.6333,29.7333,28.0,95,0,11.72,BY,1610455863
Qaanaaq,77.484,-69.3632,11.5,83,99,4.14,GL,1610455864
Gubkinskiy,64.434,76.5026,-7.8,91,100,10.02,RU,1610455864
Osa,57.2829,55.4567,-5.01,90,100,8.05,RU,1610455865
Santiago del Estero,-27.7951,-64.2615,69.01,91,100,1.01,AR,1610455865
Alofi,-19.0595,-169.9187,75.2,100,100,2.3,NU,1610455821
Kapaa,22.0752,-159.319,69.8,88,75,8.05,US,1610455866
Mahanoro,-19.9,48.8,83.34,73,8,10.87,MG,1610455867
Nome,64.5011,-165.4064,12.2,79,75,9.22,US,1610455868
Rikitea,-23.1203,-134.9692,77.7,77,13,19.06,PF,1610455868
Cape Town,-33.9258,18.4232,84.2,48,0,18.41,ZA,1610455665
Butaritari,3.0707,172.7902,81.0,81,28,20.58,KI,1610455870
Ilave,-16.0833,-69.6667,52.09,60,86,1.43,PE,1610455871
Ushuaia,-54.8,-68.3,44.6,57,75,12.66,AR,1610455871
Hasaki,35.7333,140.8333,37.4,100,75,9.22,JP,1610455872
Caucayá,-0.1934,-74.7819,75.94,85,71,5.01,CO,1610455872
Vaini,-21.2,-175.2,78.8,94,75,5.75,TO,1610455873
Port Blair,11.6667,92.75,79.61,75,1,13.33,IN,1610455874
Port-Gentil,-0.7193,8.7815,87.8,70,40,13.8,GA,1610455874
Głogów,51.6636,16.0845,34.0,89,100,13.94,PL,1610455875
Constitución,-35.3333,-72.4167,62.19,36,0,3.04,CL,1610455876
Hobart,-42.8794,147.3294,57.99,67,75,4.61,AU,1610455687
Severo-Kuril'sk,50.6789,156.125,18.09,90,97,18.45,RU,1610455877
Wagar,16.1525,36.2032,90.32,19,98,3.04,SD,1610455877
Payo,-3.7508,103.6372,72.88,96,100,2.51,ID,1610455878
Caravelas,-17.7125,-39.2481,84.15,61,0,6.82,BR,1610455879
Choya,52.0108,86.5467,17.15,95,100,1.83,RU,1610455879
Codrington,-38.2667,141.9667,52.79,88,59,8.1,AU,1610455880
Talladega,33.4359,-86.1058,37.4,93,90,4.27,US,1610455881
Yangi Marg`ilon,40.4272,71.7189,39.2,48,100,1.28,UZ,1610455881
Hithadhoo,-0.6,73.0833,81.72,79,64,19.26,MV,1610455882
Nantucket,41.2835,-70.0995,35.6,80,90,5.75,US,1610455688
Broome,42.2506,-75.833,28.99,69,90,6.91,US,1610455883
Port Alfred,-33.5906,26.891,69.01,96,100,1.99,ZA,1610455884
Sur,22.5667,59.5289,70.43,47,0,13.4,OM,1610455884
Raudeberg,61.9875,5.1352,37.0,84,100,36.13,NO,1610455885
The Pas,53.8251,-101.2541,21.2,86,75,8.05,CA,1610455885
Ahipara,-35.1667,173.1667,61.56,90,6,4.29,NZ,1610455886
Lagoa,39.05,-27.9833,60.71,92,100,21.0,PT,1610455887
Inhambane,-23.865,35.3833,89.6,66,40,4.61,MZ,1610455862
Nouadhibou,20.931,-17.0347,68.0,49,0,21.85,MR,1610455888
Priargunsk,50.3691,119.1012,-8.18,90,100,1.72,RU,1610455888
Mildura,-34.2,142.15,75.2,25,0,3.98,AU,1610455889
Tyukalinsk,55.8732,72.1967,-10.73,87,100,15.41,RU,1610455889
Tambacounda,13.7539,-13.7586,87.8,13,0,11.5,SN,1610455890
Albany,42.6001,-73.9662,28.0,89,100,5.32,US,1610455781
Flinders,-34.5833,150.8552,70.0,89,30,1.99,AU,1610455666
Mangaratiba,-22.9597,-44.0406,87.8,62,0,10.36,BR,1610455608
Jishou,28.3167,109.7167,44.73,57,0,1.41,CN,1610455893
Nikolskoye,59.7035,30.7861,12.2,85,90,20.13,RU,1610455894
Wattegama,6.7989,81.4808,75.2,100,75,4.61,LK,1610455894
Petropavlovsk-Kamchatskiy,53.0452,158.6483,3.2,78,7,8.95,RU,1610455895
Auki,-8.7676,160.7034,76.59,91,100,7.4,SB,1610455895
Charters Towers,-20.1,146.2667,74.48,89,100,7.63,AU,1610455896
Tsimmerbude,54.675,20.1347,33.8,93,75,11.18,RU,1610455896
Pokosnoye,55.5258,101.0536,-17.0,87,100,4.43,RU,1610455897
Byron Bay,-28.65,153.6167,69.8,88,40,4.88,AU,1610455897
Bredasdorp,-34.5322,20.0403,69.8,83,90,17.27,ZA,1610455898
Umm Kaddadah,13.6017,26.6876,87.51,13,0,9.51,SD,1610455899
Leshukonskoye,64.8989,45.7622,-11.94,86,74,2.86,RU,1610455899
New Norfolk,-42.7826,147.0587,57.99,66,62,1.16,AU,1610455876
Houma,29.5958,-90.7195,36.0,87,90,12.66,US,1610455901
Bethel,41.3712,-73.414,24.01,86,1,3.06,US,1610455901
Bengkulu,-3.8004,102.2655,75.11,91,100,5.44,ID,1610455902
Mbuji-Mayi,-6.15,23.6,77.0,69,75,3.44,CD,1610455902
Prymors'k,46.7348,36.3443,33.28,90,100,18.86,UA,1610455903
Tuatapere,-46.1333,167.6833,52.0,84,1,1.01,NZ,1610455903
Esperance,-33.8667,121.9,64.4,77,40,12.66,AU,1610455904
Hay River,60.8156,-115.7999,32.0,74,3,6.91,CA,1610455904
Mīrābād,30.4362,61.8383,50.94,33,0,3.89,AF,1610455905
Bandarbeyla,9.4942,50.8122,75.99,67,23,25.57,SO,1610455906
Coahuayana Viejo,18.7333,-103.6833,67.59,48,6,3.91,MX,1610455907
Werda,-25.2667,23.2833,91.26,29,24,8.61,BW,1610455907
Sinop Province,41.7711,34.8709,55.4,100,75,8.05,TR,1610455775
Yerbogachën,61.2767,108.0108,-34.38,82,74,5.32,RU,1610455909
Nanortalik,60.1432,-45.2371,31.23,92,100,6.69,GL,1610455909
Souillac,-20.5167,57.5167,82.4,83,40,18.41,MU,1610455910
Aksu,41.1231,80.2644,15.69,79,0,4.5,CN,1610455910
Amahai,-3.3333,128.9167,84.99,84,93,1.61,ID,1610455911
Killam,52.7834,-111.8518,21.2,68,13,9.22,CA,1610455911
Paita,-5.0892,-81.1144,73.4,73,40,16.11,PE,1610455912
East London,-33.0153,27.9116,71.6,94,90,11.5,ZA,1610455912
Desaguadero,-16.5656,-69.0417,50.97,59,98,6.51,PE,1610455913
Verkhnevilyuysk,63.4453,120.3167,-42.25,80,91,1.88,RU,1610455914
Kathmandu,27.7167,85.3167,55.4,71,75,3.44,NP,1610455706
Sanary-sur-Mer,43.1178,5.8001,50.0,61,71,8.01,FR,1610455915
Carnarvon,-24.8667,113.6333,78.8,83,15,24.16,AU,1610455915
Longyearbyen,78.2186,15.6401,23.0,80,75,8.05,SJ,1610455837
Barrow,71.2906,-156.7887,-2.2,78,90,23.02,US,1610455916
Ossora,59.2353,163.0719,-9.58,78,1,4.76,RU,1610455918
Hobyo,5.3505,48.5268,78.76,65,0,23.17,SO,1610455919
Mossendjo,-2.9506,12.7261,76.93,82,100,3.49,CG,1610455919
Tiksi,71.6872,128.8694,-34.33,82,100,6.76,RU,1610455920
Labuhan,-6.8844,112.2051,80.58,83,100,10.36,ID,1610455920
Hilo,19.7297,-155.09,68.0,83,75,3.89,US,1610455921
Kaitangata,-46.2817,169.8464,53.58,96,10,1.43,NZ,1610455922
Port Lincoln,-34.7333,135.8667,61.77,77,100,10.51,AU,1610455922
Pinawa,50.1489,-95.8811,16.63,96,17,5.68,CA,1610455923
George Town,5.4112,100.3354,82.99,61,20,9.22,MY,1610455923
Ribeira Grande,38.5167,-28.7,62.6,94,75,21.85,PT,1610455924
Lexington,37.9887,-84.4777,24.01,93,90,10.36,US,1610455902
Itarema,-2.9248,-39.9167,84.06,64,78,11.65,BR,1610455926
Bambous Virieux,-20.3428,57.7575,82.99,83,40,18.41,MU,1610455927
Tianpeng,30.9866,103.9393,42.01,1,0,1.01,CN,1610455927
Tuktoyaktuk,69.4541,-133.0374,-1.89,92,100,14.18,CA,1610455928
Tasiilaq,65.6145,-37.6368,32.0,59,75,21.85,GL,1610455928
Togur,58.3631,82.8265,-24.7,85,0,4.79,RU,1610455929
Agar,23.7,76.0167,65.75,33,0,8.08,IN,1610455930
Vidim,56.4088,103.1106,-22.41,86,99,4.34,RU,1610455930
Luwuk,-0.9516,122.7875,79.74,76,42,1.77,ID,1610455931
Manavālakurichi,8.1333,77.3,78.8,100,75,2.3,IN,1610455931
Suntar,62.1444,117.6319,-36.78,82,90,3.0,RU,1610455932
Murray Bridge,-35.1167,139.2667,55.99,91,0,8.72,AU,1610455932
Allanridge,-27.7543,26.6438,81.45,43,96,7.92,ZA,1610455933
Kubrat,43.8,26.5,38.48,96,100,11.97,BG,1610455933
Upernavik,72.7868,-56.1549,20.1,96,100,7.38,GL,1610455934
Chokurdakh,70.6333,147.9167,-37.88,82,1,1.57,RU,1610455934
Mar del Plata,-38.0023,-57.5575,66.99,48,0,8.43,AR,1610455865
Bariloche,-41.1456,-71.3082,48.2,43,0,4.61,AR,1610455935
Mount Isa,-20.7333,139.5,87.8,45,96,4.61,AU,1610455936
Saint Paul Harbor,57.79,-152.4072,35.6,87,40,16.11,US,1610455937
Marathon,44.9,-89.7668,28.99,86,90,4.61,US,1610455937
Yenagoa,4.9247,6.2642,87.73,63,19,4.41,NG,1610455938
Teknāf,20.8624,92.3058,73.42,59,5,10.71,BD,1610455938
Dikson,73.5069,80.5464,16.92,98,100,10.65,RU,1610455939
Castro,-24.7911,-50.0119,72.43,85,96,3.89,BR,1610455939
Lindome,57.5667,12.0833,37.0,80,20,8.05,SE,1610455940
Berdigestyakh,62.0989,126.6992,-43.51,78,83,3.18,RU,1610455940
Cilegon,-6.0174,106.0538,78.8,83,40,9.22,ID,1610455941
Zeya,53.75,127.2667,-12.6,87,100,2.33,RU,1610455941
Pouébo,-20.4,164.5667,79.45,86,99,9.44,NC,1610455942
Saskylakh,71.9167,114.0833,-28.41,84,100,2.64,RU,1610455942
Lüderitz,-26.6481,15.1594,73.63,58,0,23.22,NA,1610455943
Baoshan,46.5586,131.4244,4.55,93,100,2.28,CN,1610455943
Zhanakorgan,43.9098,67.2495,29.01,99,100,4.21,KZ,1610455944
São João da Barra,-21.6403,-41.0511,84.2,54,0,16.11,BR,1610455945
Bundaberg,-24.85,152.35,75.0,78,90,9.22,AU,1610455945
Evanston,42.0411,-87.6901,28.99,80,1,6.91,US,1610455946
Henties Bay,-22.116,14.2845,67.75,76,42,11.95,NA,1610455946
Luau,-10.7073,22.2247,81.57,55,25,4.07,AO,1610455947
Avarua,-21.2078,-159.775,80.6,78,75,13.8,CK,1610455948
San Quintín,30.4833,-115.95,54.39,47,0,1.19,MX,1610455948
Carballo,43.213,-8.691,52.0,69,1,3.0,ES,1610455949
Yellowknife,62.456,-114.3525,15.8,92,90,2.3,CA,1610455949
Mount Gambier,-37.8333,140.7667,53.6,76,0,9.22,AU,1610455950
Jalu,29.0331,21.5482,82.51,16,100,12.97,LY,1610455951
Zabul Province,32.25,67.25,34.66,67,0,3.69,AF,1610455952
Camacha,33.0833,-16.3333,60.8,51,40,11.5,PT,1610455953
Torbay,47.6666,-52.7314,28.0,80,90,9.22,CA,1610455953
Sørland,67.667,12.6934,35.6,60,75,33.38,NO,1610455954
Ponta do Sol,32.6667,-17.1,60.8,48,75,10.36,PT,1610455954
Samarai,-10.6167,150.6667,83.7,80,100,11.56,PG,1610455955
Saint-Joseph,-21.3667,55.6167,78.8,94,75,9.22,RE,1610455955
Te Anau,-45.4167,167.7167,51.82,89,10,1.86,NZ,1610455956
Vao,-22.6667,167.4833,78.57,83,100,18.1,NC,1610455956
Katherine,-14.4667,132.2667,87.8,62,11,5.75,AU,1610455957
São Gabriel da Cachoeira,-0.1303,-67.0892,75.2,94,90,2.3,BR,1610455957
Usinsk,65.9939,57.5281,-9.76,90,10,5.97,RU,1610455958
Clyde River,70.4692,-68.5914,-5.8,84,90,1.48,CA,1610455959
Harper,4.375,-7.7169,82.09,77,49,8.86,LR,1610455959
São Filipe,14.8961,-24.4956,70.43,70,18,12.91,CV,1610455960
Lagunas,-5.2269,-75.6753,73.08,96,100,1.92,PE,1610455960
Leningradskiy,69.3833,178.4167,-23.39,81,88,16.17,RU,1610455961
Mehamn,71.0357,27.8492,17.6,73,0,17.27,NO,1610455961
Rūdbār,30.15,62.6,52.25,32,0,3.09,AF,1610455962
Machico,32.7,-16.7667,60.8,48,75,10.36,PT,1610455962
Hamilton,39.1834,-84.5333,25.0,80,90,8.05,US,1610455804
Pimentel,-6.8367,-79.9342,66.2,88,0,11.5,PE,1610455963
Taoudenni,22.6783,-3.9836,74.55,18,62,16.51,ML,1610455964
Bulakamba,-6.8748,108.9559,81.28,81,100,11.32,ID,1610455964
Llangefni,53.2556,-4.3106,43.0,81,75,8.05,GB,1610455965
Pudozh,61.8099,36.5345,-13.88,87,0,7.78,RU,1610455966
Geraldton,-28.7667,114.6,71.6,73,0,18.41,AU,1610455966
Avera,33.194,-82.5271,42.8,93,90,5.75,US,1610455967
Yima,34.7381,111.8839,40.01,53,0,7.9,CN,1610455967
Naze,28.3667,129.4833,49.6,70,13,10.71,JP,1610455968
Necochea,-38.5473,-58.7368,66.0,56,0,10.51,AR,1610455968
Arraial do Cabo,-22.9661,-42.0278,84.2,61,0,17.27,BR,1610455969
Quilmaná,-12.95,-76.3833,72.37,72,100,3.33,PE,1610455970
Bunia,1.5667,30.25,80.92,43,98,3.62,CD,1610455971
Suoyarvi,62.0833,32.35,-2.15,90,18,11.21,RU,1610455971
Iqaluit,63.7506,-68.5145,3.2,78,90,5.75,CA,1610455708
Januária,-15.4833,-44.3667,82.6,68,44,5.1,BR,1610455972
Airai,-8.9266,125.4092,63.32,100,100,1.99,TL,1610455973
Faanui,-16.4833,-151.75,80.82,78,100,20.83,PF,1610455973
Nyurba,63.2842,118.3319,-40.92,80,97,3.06,RU,1610455974
Borba,-4.3878,-59.5939,76.69,93,67,0.87,BR,1610455975
Bulawayo,-20.15,28.5833,78.6,65,32,10.27,ZW,1610455976
Izumo,35.3667,132.7667,35.6,87,75,8.05,JP,1610455976
Lakatoro,-16.0999,167.4164,82.36,78,100,1.25,VU,1610455977
Mocuba,-16.8392,36.9856,89.91,56,99,8.05,MZ,1610455978
Khatanga,71.9667,102.5,-21.69,88,100,4.81,RU,1610455978
Trzebiatów,54.0615,15.2648,33.01,10,100,6.73,PL,1610455979
Srednekolymsk,67.45,153.6833,-36.87,83,69,1.66,RU,1610455979
Ürümqi,43.801,87.6005,3.2,78,4,4.47,CN,1610455812
Coyhaique,-45.5752,-72.0662,48.2,71,75,2.3,CL,1610455981
Marau,-28.4492,-52.2,82.54,62,55,1.43,BR,1610455981
Igarka,67.4667,86.5833,-7.98,91,100,4.23,RU,1610455982
San Patricio,28.017,-97.5169,37.4,87,90,6.91,US,1610455982
Cayenne,4.9333,-52.3333,73.4,100,75,4.61,GF,1610455983
Merritt Island,28.5392,-80.672,64.4,88,40,4.61,US,1610455864
Omboué,-1.5746,9.2618,83.91,72,86,11.54,GA,1610455984
Mandalgovi,45.7625,106.2708,4.35,88,0,15.57,MN,1610455985
Cidreira,-30.1811,-50.2056,78.82,76,100,11.7,BR,1610455985
Batouri,4.4333,14.3667,102.06,9,0,2.71,CM,1610455986
Rio Grande,-32.035,-52.0986,75.2,83,75,13.8,BR,1610455986
Kungurtug,50.5994,97.5228,-5.57,86,83,0.47,RU,1610455987
Ulety,51.3572,112.4849,-5.69,80,93,12.1,RU,1610455987
São Félix do Xingu,-6.6447,-51.995,81.88,77,83,1.07,BR,1610455988
Puerto Escondido,15.85,-97.0667,72.73,54,0,5.28,MX,1610455988
Bridlington,54.0831,-0.1919,41.0,81,27,1.99,GB,1610455989
Chicama,-7.8447,-79.1469,71.42,77,56,4.27,PE,1610455990
Novoplatnirovskaya,46.1065,39.4191,35.19,85,100,12.91,RU,1610455990
Khovd,48.0056,91.6419,10.71,77,100,1.83,MN,1610455991
Cabo San Lucas,22.8909,-109.9124,55.4,82,1,6.89,MX,1610455991
Huilong,31.8111,121.655,46.0,39,0,10.02,CN,1610455992
Nichinan,31.6,131.3667,39.2,70,20,5.75,JP,1610455992
Kortkeros,61.8106,51.5806,-14.8,76,0,8.95,RU,1610455993
Nara,34.6851,135.8049,37.0,87,4,2.55,JP,1610455722
Salinópolis,-0.6136,-47.3561,82.92,75,21,9.35,BR,1610455804
Nyrob,60.733,56.7202,-6.88,86,100,3.44,RU,1610455995
Tazovsky,67.4667,78.7,3.2,94,100,13.04,RU,1610455996
Talara,-4.5772,-81.2719,73.4,73,40,16.11,PE,1610455996
Kattivākkam,13.2167,80.3167,80.6,83,75,9.22,IN,1610455997
Lorengau,-2.0226,147.2712,82.99,80,100,10.8,PG,1610455998
Kashgar,39.4547,75.9797,24.8,58,2,2.24,CN,1610455998
Sioux Lookout,50.1001,-91.917,21.2,100,90,8.05,CA,1610455999
Maceió,-9.6658,-35.7353,82.4,74,75,8.05,BR,1610455999
Sovetskiy,61.3614,63.5842,-17.36,87,0,3.67,RU,1610456000
Bud,39.447,-86.1758,25.0,93,90,9.22,US,1610456000
Klaksvík,62.2266,-6.589,35.6,69,75,16.11,FO,1610456001
Show Low,34.2542,-110.0298,18.0,62,1,3.44,US,1610456002
Carson City,39.1638,-119.7674,44.01,69,75,4.83,US,1610456002
Genhe,50.7833,121.5167,-6.34,89,100,2.21,CN,1610456003
León,21.1167,-101.6667,41.0,75,1,4.61,MX,1610455852
Mahébourg,-20.4081,57.7,82.4,83,40,18.41,MU,1610456004
Viedma,-40.8135,-62.9967,68.0,35,0,9.86,AR,1610456004
Rognan,67.0953,15.3878,28.4,54,40,27.63,NO,1610456005
Riyadh,24.6877,46.7219,66.2,19,0,8.05,SA,1610455876
Mandiana,10.6333,-8.6833,95.56,10,49,6.35,GN,1610456006
Puerto del Rosario,28.5004,-13.8627,66.2,55,20,10.36,ES,1610456006
Makakilo City,21.3469,-158.0858,73.4,73,75,3.44,US,1610456007
Apucarana,-23.5508,-51.4608,84.2,74,40,8.05,BR,1610456008
Dongkan,33.9997,119.8308,34.93,82,0,9.33,CN,1610456008
Kazachinskoye,57.6953,93.2761,-14.3,88,100,3.51,RU,1610456009
Salalah,17.0151,54.0924,84.2,10,0,16.11,OM,1610456009
Yakeshi,49.2833,120.7333,-3.6,92,100,2.01,CN,1610456010
Gisborne,-38.6533,178.0042,59.0,90,37,1.99,NZ,1610456010
St. George's,12.0564,-61.7485,78.8,73,40,19.57,GD,1610455914
Norman Wells,65.282,-126.8329,-13.0,77,1,3.44,CA,1610456011
Champerico,14.3,-91.9167,71.6,88,0,6.64,GT,1610456012
Brae,60.3964,-1.353,39.2,75,40,18.41,GB,1610456013
São Miguel do Araguaia,-13.275,-50.1628,80.06,85,98,5.17,BR,1610456013
Presidente Epitácio,-21.7633,-52.1156,86.67,62,100,6.42,BR,1610456014
Arua,3.0201,30.9111,85.35,28,57,10.58,UG,1610456014
Vostok,46.4856,135.8833,4.66,91,100,3.31,RU,1610456015
‘Āhuimanu,21.4447,-157.8378,73.4,83,75,8.05,US,1610456015
Yarkovo,57.4028,67.0786,-14.39,88,100,8.21,RU,1610456016
Kiryat Gat,31.61,34.7642,80.01,34,8,5.01,IL,1610456016
Aizkraukle,56.6048,25.2553,28.0,94,100,5.99,LV,1610456017
Karapyshi,49.6424,30.79,31.39,88,1,8.95,UA,1610456017
Doha,25.2867,51.5333,69.8,60,0,11.5,QA,1610455981
Whyalla,-33.0333,137.5833,68.0,68,0,10.36,AU,1610456019
Bykovo,55.6361,38.0803,15.8,92,75,4.47,RU,1610456019
Sacramento,38.4666,-121.3177,45.0,100,20,2.26,US,1610455412
Akola,20.7333,77.0,81.59,31,98,10.22,IN,1610456021
Lovozero,68.005,35.0117,0.37,90,1,8.5,RU,1610456021
Shahreza,32.0339,51.8794,45.86,47,0,1.88,IR,1610456022
Kaitong,44.8135,123.15,5.79,92,92,5.86,CN,1610456023
Tateyama,34.9833,139.8667,39.99,83,99,4.0,JP,1610456023
Saint George,37.1041,-113.5841,24.8,54,1,5.75,US,1610455958
Lavrentiya,65.5833,-171.0,-10.68,84,89,10.16,RU,1610456025
Kumul,42.8,93.45,18.66,80,0,4.43,CN,1610456025
Kavaratti,10.5669,72.642,82.65,76,100,7.58,IN,1610456026
Sri Aman,1.2376,111.4621,77.0,100,61,2.3,MY,1610456026
Vila Franca do Campo,37.7167,-25.4333,60.8,94,40,10.36,PT,1610455952
Zyryanka,65.75,150.85,-38.42,80,33,3.22,RU,1610456027
Half Moon Bay,37.4636,-122.4286,50.0,100,1,2.73,US,1610456028
Maniitsoq,65.4167,-52.9,19.85,93,100,8.1,GL,1610456029
Storforshei,66.4043,14.5233,23.0,58,40,16.11,NO,1610456029
Katsuura,35.1333,140.3,39.2,81,75,9.22,JP,1610456030
Sinnamary,5.3833,-52.95,79.5,83,3,12.5,GF,1610456030
Sept-Îles,50.2001,-66.3821,14.0,85,100,5.75,CA,1610455799
Manado,1.487,124.8455,77.0,94,40,2.3,ID,1610456032
Touros,-5.1989,-35.4608,82.4,69,75,11.5,BR,1610456033
San Luis,-33.295,-66.3356,68.61,33,1,7.58,AR,1610456033
Sheridan,44.8333,-106.9173,26.6,74,1,3.44,US,1610456034
Arlit,18.7369,7.3853,90.23,10,0,3.4,NE,1610456034
Talagang,32.9297,72.4158,52.2,37,0,4.36,PK,1610456035
Zaraza,9.3503,-65.3245,75.87,73,100,5.35,VE,1610456036
Pisco,-13.7,-76.2167,68.0,83,0,8.05,PE,1610456036
Dapaong,10.8639,0.205,96.46,9,0,9.4,TG,1610456037
Port Hardy,50.6996,-127.4199,46.4,87,90,9.22,CA,1610456037
Sungai Penuh,-2.0833,101.3833,66.07,96,100,1.61,ID,1610456038
Balkanabat,39.5108,54.3671,48.33,59,0,8.37,TM,1610456039
Ibanda,-2.7974,32.4746,77.99,64,17,6.58,TZ,1610456039
Ukiah,39.1502,-123.2078,48.0,93,90,2.95,US,1610455920
Terney,45.0503,136.6092,16.99,87,100,6.78,RU,1610456040
Iquitos,-3.7481,-73.2472,77.0,94,75,0.54,PE,1610456041
Verkhovazh'ye,60.7472,42.0465,-18.56,87,69,4.99,RU,1610456041
Kita,13.0349,-9.4895,96.69,9,0,6.62,ML,1610456042
Vágur,61.4732,-6.8119,38.21,76,92,13.67,FO,1610456042
Sisimiut,66.9395,-53.6735,16.0,91,99,3.47,GL,1610456043
Erzin,36.9559,36.2,68.0,49,17,1.74,TR,1610456043
Gamba,-2.65,10.0,82.38,77,100,12.21,GA,1610456044
Eyl,7.9803,49.8164,80.6,48,0,23.55,SO,1610456044
Mwinilunga,-11.7358,24.4293,74.68,79,97,5.03,ZM,1610456046
Taseyevo,57.2169,94.8978,-14.1,88,100,3.0,RU,1610456046
Ekhabi,53.5102,142.9671,-19.44,87,0,3.42,RU,1610456047
Zhezkazgan,47.8043,67.7144,7.86,94,100,12.64,KZ,1610456047
Dunedin,-45.8742,170.5036,60.01,90,2,5.01,NZ,1610456048
Acuitzio,20.345,-101.9771,42.93,72,24,1.79,MX,1610456048
Clyde,41.3042,-82.9752,26.01,89,13,1.01,US,1610456049
Lompoc,34.6391,-120.4579,52.0,93,1,9.22,US,1610456049
Vardø,70.3705,31.1107,12.2,79,20,17.27,NO,1610456050
Tigil',57.8,158.6667,3.54,85,100,3.69,RU,1610456051
Saldanha,-33.0117,17.9442,84.2,37,41,4.61,ZA,1610456051
Vila Velha,-20.3297,-40.2925,82.4,65,40,9.22,BR,1610456052
Lashio,22.9333,97.75,56.03,85,75,2.3,MM,1610456009
Emerald,-23.5333,148.1667,77.0,69,23,5.75,AU,1610456053
Hambantota,6.1241,81.1185,75.2,100,75,4.61,LK,1610456054
Kirakira,-10.4544,161.9205,78.73,91,100,13.69,SB,1610456054
San Antonio del Norte,13.8844,-87.7031,64.4,100,75,6.91,HN,1610456055
Tual,-5.6667,132.75,84.42,77,99,8.32,ID,1610456055
Matara,5.9485,80.5353,79.21,84,100,8.23,LK,1610456056
Ilulissat,69.2167,-51.1,21.2,86,75,5.75,GL,1610456029
Galesong,-5.3166,119.3661,77.0,100,40,3.44,ID,1610456057
Ubinskoye,55.3068,79.6802,-11.09,87,100,15.01,RU,1610456058
Cairns,-16.9167,145.7667,78.8,89,40,8.05,AU,1610455912
Markova,48.6758,24.4138,30.2,93,90,4.47,UA,1610456059
Berlevåg,70.8578,29.0864,15.8,67,0,25.32,NO,1610456059
Khorixas,-20.3667,14.9667,82.36,42,47,9.53,NA,1610456060
Collie,-33.3667,116.15,60.01,67,0,7.0,AU,1610456060
Khonsa,27.0167,95.5667,51.53,94,20,3.2,IN,1610456061
Guerrero Negro,27.9769,-114.0611,51.1,47,0,4.56,MX,1610456062
Isangel,-19.55,169.2667,80.94,80,100,4.59,VU,1610456062
Kaoma,-14.7833,24.8,79.36,71,100,2.93,ZM,1610456063
Pushkar,26.5,74.55,59.5,30,0,5.21,IN,1610456063
Guatire,10.4762,-66.5427,82.4,69,40,8.05,VE,1610456064
Tilichiki,60.4667,166.1,-20.92,85,100,9.78,RU,1610456064
Santa Lucía,27.9117,-15.5407,64.99,77,75,23.02,ES,1610456065
Metro,-5.1131,105.3067,75.88,90,100,6.33,ID,1610456065
Barra do Bugres,-15.0725,-57.1811,80.67,71,100,2.48,BR,1610456011
Bāneh,35.9975,45.8853,47.41,54,0,1.23,IR,1610456067
Treinta y Tres,-33.2333,-54.3833,71.04,56,100,14.09,UY,1610456068
Richards Bay,-28.783,32.0377,84.67,60,0,11.07,ZA,1610456069
Kaduy,59.2,37.15,-11.2,77,40,6.71,RU,1610456069
Codajás,-3.8367,-62.0569,80.19,82,94,2.95,BR,1610456070
Grand Gaube,-20.0064,57.6608,82.0,83,69,8.99,MU,1610456070
El Cobre,20.0489,-75.9469,71.6,88,20,6.91,CU,1610456071
Saint-Pierre,-21.3393,55.4781,78.8,94,75,9.22,RE,1610456071
Pacific Grove,36.6177,-121.9166,46.4,93,1,4.41,US,1610455853
Paamiut,61.994,-49.6678,25.18,96,100,15.57,GL,1610456072
Sistranda,63.7256,8.834,28.4,86,90,18.41,NO,1610456073
Province of Trapani,37.8333,12.6667,55.99,82,75,19.57,IT,1610456073
Havre-St-Pierre,50.2334,-63.5986,10.4,85,90,4.61,CA,1610456074
Shingū,33.7333,135.9833,34.74,88,3,7.27,JP,1610456075
Khislavichi,54.1871,32.1582,23.0,98,100,8.03,RU,1610456076
Tura,25.5198,90.2201,59.63,51,0,1.21,IN,1610456077
Clovis,36.8252,-119.7029,50.0,81,1,2.55,US,1610456077
Rocha,-34.4833,-54.3333,70.16,40,100,11.83,UY,1610456078
Arman',59.7,150.1667,4.71,93,100,6.8,RU,1610456078
Abonnema,4.7084,6.7931,88.2,57,55,4.43,NG,1610456079
Neryungri,56.6709,124.6491,-27.17,83,99,2.48,RU,1610456079
Yurimaguas,-5.9,-76.0833,73.74,95,100,1.77,PE,1610456080
Kalangala,-0.3089,32.225,75.4,60,24,5.3,UG,1610456080
Makīnsk,52.6292,70.4169,-5.39,90,100,13.15,KZ,1610456081
Ust-Maya,60.4167,134.5333,-50.42,75,82,1.72,RU,1610456081
Kailua,21.4022,-157.7394,73.4,83,75,12.66,US,1610455857
Thinadhoo,0.5333,72.9333,82.0,78,99,19.15,MV,1610456082
Marktoberdorf,47.7833,10.6167,32.0,86,90,36.82,DE,1610456083
Palmeiras de Goiás,-16.805,-49.9258,80.91,68,97,3.6,BR,1610456083
San Jerónimo,-11.9472,-75.2829,53.74,63,97,1.3,PE,1610456084
Meulaboh,4.1363,96.1285,78.04,87,100,8.55,ID,1610456085
Baharly,38.4362,57.4316,39.34,70,0,2.77,TM,1610456068
Dingle,10.9995,122.6711,72.82,87,100,10.87,PH,1610456086
Quatre Cocos,-20.2078,57.7625,82.4,83,40,18.41,MU,1610456086
Huntsville,34.7304,-86.5861,32.0,93,90,4.61,US,1610455910
Camapuã,-19.5314,-54.0439,86.97,48,76,6.15,BR,1610456087
Novorudnyy,51.5026,58.1873,-2.2,71,75,4.47,RU,1610456088
Flin Flon,54.7682,-101.865,23.0,80,90,10.36,CA,1610456088
Alyangula,-13.8483,136.4192,78.8,100,25,9.8,AU,1610456089
Porto Recanati,43.4365,13.6613,45.0,23,52,3.0,IT,1610456089
Alberton,46.8168,-64.0654,28.4,93,100,11.5,CA,1610456091
Huangmei,30.1924,116.025,42.48,60,0,2.28,CN,1610456091
Talnakh,69.4865,88.3972,-14.66,88,100,9.42,RU,1610456092
Luba,3.4568,8.5547,86.0,74,40,8.05,GQ,1610456092
Jumla,29.2747,82.1838,40.78,51,0,2.48,NP,1610456093
Tahoua,14.8888,5.2692,91.4,6,0,6.91,NE,1610456094
Liverpool,53.4106,-2.9779,42.8,56,0,6.91,GB,1610456094
High Rock,26.6208,-78.2833,64.4,94,75,2.3,BS,1610456095
Sibolga,1.7427,98.7792,77.31,83,100,2.42,ID,1610456049
Grindavik,63.8424,-22.4338,35.6,80,75,23.02,IS,1610456096
Hofn,64.2539,-15.2082,30.38,86,0,7.58,IS,1610456096
Fukuechō,32.6881,128.8419,47.68,65,100,17.38,JP,1610456066
Yanam,16.7333,82.2167,80.6,65,92,6.91,IN,1610456097
San Cristobal,7.7669,-72.225,71.6,100,40,2.3,VE,1610456098
Tagusao,9.1924,117.8141,79.83,81,100,17.67,PH,1610456098
Lumsden,50.6501,-104.8678,17.6,86,20,13.8,CA,1610456099
La Santisima Trinidad,-14.8333,-64.9,80.6,89,3,8.05,BO,1610456099
Kodīnar,20.7903,70.7031,81.21,36,0,4.16,IN,1610456100
Nuuk,64.1835,-51.7216,23.0,86,75,9.22,GL,1610456100
Plettenberg Bay,-34.0527,23.3716,72.18,84,92,19.84,ZA,1610456101
Alice Springs,-23.7,133.8833,82.4,28,0,4.61,AU,1610455853
Martinez,38.0194,-122.1341,48.99,81,1,1.88,US,1610456102
Japura,-0.3167,102.35,73.4,97,100,1.74,ID,1610456103
Manyana,-23.4,21.7167,90.72,31,57,11.3,BW,1610456104
Boueni,-12.9025,45.0761,86.0,66,0,13.8,YT,1610456105
San Juan,-31.5375,-68.5364,67.93,28,12,6.31,AR,1610455963
Vengurla,15.8667,73.6333,87.8,42,40,8.05,IN,1610456106
Ancud,-41.8697,-73.8203,54.0,81,0,3.44,CL,1610456106
Yar-Sale,66.8333,70.8333,-3.89,89,26,9.86,RU,1610456107
Santa Cruz de La Palma,28.6835,-17.7642,59.0,82,75,8.05,ES,1610456107
Sangar,63.9242,127.4739,-44.88,78,90,4.34,RU,1610456108
Gladstone,-23.85,151.25,75.2,69,90,8.05,AU,1610456108
Kisesa,-3.0833,34.15,74.62,68,94,3.42,TZ,1610456109
Saint-Philippe,-21.3585,55.7679,78.8,94,75,9.22,RE,1610456110
Susa,32.1942,48.2436,68.29,24,0,6.02,IR,1610456110
La Reforma,18.1,-91.0167,66.78,97,90,3.38,MX,1610456111
Pangnirtung,66.1451,-65.7125,1.4,85,90,3.44,CA,1610456111
Semey,50.4111,80.2275,23.0,80,75,17.9,KZ,1610456112
Bagotville,-28.9833,153.4167,69.8,88,40,3.2,AU,1610456112
Gallup,35.5281,-108.7426,1.4,71,1,3.65,US,1610456113
Terrace,54.5163,-128.6035,32.0,100,90,8.05,CA,1610456113
Kyaikkami,16.08,97.5675,76.69,51,5,14.32,MM,1610456114
Son La,21.3167,103.9,47.57,56,100,1.19,VN,1610456114
Guapí,2.5708,-77.8854,76.12,91,44,3.94,CO,1610456115
Rostovka,55.3842,71.8891,-7.47,87,100,18.1,RU,1610456116
Todos Santos,23.45,-110.2167,55.99,82,1,4.68,MX,1610456116
Buritizeiro,-17.3511,-44.9622,81.25,73,14,5.06,BR,1610456117
Wuda,39.4994,106.7117,30.7,59,0,24.38,CN,1610456117
Mastic Beach,40.7668,-72.8521,24.8,80,1,3.44,US,1610456118
Conway,35.0887,-92.4421,25.0,93,1,3.22,US,1610455857
Bubaque,11.2833,-15.8333,76.87,44,5,10.76,GW,1610456119
Ulaanbaatar,47.9077,106.8832,-7.6,71,40,2.24,MN,1610455884
Bethanien,-26.502,17.1583,88.11,38,100,8.19,NA,1610456120
Pensacola,30.4213,-87.2169,39.99,93,90,10.36,US,1610456083
Pindobaçu,-10.7417,-40.3608,83.32,58,54,5.48,BR,1610456121
Balkhash,46.844,74.9804,21.2,86,75,17.9,KZ,1610456121
Chapais,49.7834,-74.8492,12.2,92,90,3.44,CA,1610456122
Yushu,44.8,126.5333,14.13,97,100,7.61,CN,1610456123
Sharjah city,25.3573,55.4033,73.4,35,0,10.36,AE,1610456038
Estevan,49.1334,-102.9842,32.0,80,1,9.22,CA,1610456124
Poum,-20.2333,164.0167,81.72,83,47,15.41,NC,1610456124
Tuensang,26.2833,94.8333,52.77,83,23,0.94,IN,1610456125
Bilma,18.6853,12.9164,86.31,12,0,6.35,NE,1610456126
Kota,25.1833,75.8333,62.56,30,0,0.94,IN,1610456126
Diu,20.7141,70.9822,75.74,52,0,3.47,IN,1610456127
Ketchikan,55.3422,-131.6461,44.6,76,90,25.32,US,1610456127
Kyren,51.6828,102.1408,-5.89,83,95,0.72,RU,1610456128
Saint-François,46.4154,3.9054,41.0,81,90,11.5,FR,1610456128
Shimoda,34.6667,138.95,36.0,93,4,13.29,JP,1610456129
Padang,-0.9492,100.3543,78.17,77,100,5.14,ID,1610455925
Kamenka,51.3223,42.7678,23.0,89,85,4.76,RU,1610455978
Praia,14.9215,-23.5087,77.0,50,40,23.02,CV,1610456130
Marataizes,-21.0433,-40.8244,80.31,74,5,8.37,BR,1610455926
Kelowna,49.8831,-119.4857,36.0,100,90,2.3,CA,1610456131
Bessonovka,53.3097,45.0407,8.76,95,86,3.85,RU,1610456132
Tevaitoa,-16.7833,-151.5,80.44,78,100,22.24,PF,1610456133
Sémbé,1.6481,14.5806,89.98,42,69,2.86,CG,1610456133
Sitka,57.0531,-135.33,42.8,70,90,14.97,US,1610456134
Saint-Augustin,51.226,-58.6502,12.76,84,8,6.58,CA,1610456134
Guiratinga,-16.3494,-53.7583,85.1,58,45,3.62,BR,1610456135
Almeria,37.1667,-2.3333,55.4,62,20,4.61,ES,1610456135
Lithakia,37.7167,20.8333,62.6,63,20,13.8,GR,1610456136
Yaan,7.3833,8.5667,99.48,12,0,8.12,NG,1610456137
Bambanglipuro,-7.95,110.2833,79.81,85,99,10.18,ID,1610455891
Fianarantsoa,-21.4333,47.0833,78.58,57,47,5.06,MG,1610456064
Kupang,-10.1667,123.5833,80.6,94,20,3.44,ID,1610456138
Zakamensk,50.3741,103.2863,-9.63,84,100,1.25,RU,1610456139
Valley City,46.9233,-98.0032,24.8,100,1,14.97,US,1610456139
Dombarovskiy,50.7587,59.5386,-9.0,91,66,3.83,RU,1610456140
Benguela,-12.5763,13.4055,82.62,57,0,10.6,AO,1610456140
Găujani,43.7333,25.7,34.0,100,90,5.75,RO,1610456141
Puerto Quijarro,-17.7833,-57.7667,91.96,47,35,5.73,BO,1610456142
Devils Lake,48.1128,-98.8651,21.0,93,1,10.36,US,1610456142
Tuy Hoa,13.0833,109.3,65.35,84,100,13.06,VN,1610456143
Portland,45.5234,-122.6762,54.0,92,100,5.99,US,1610455658
Nueva Loja,0.0847,-76.8828,73.4,94,90,1.14,EC,1610456144
Turukhansk,65.8167,87.9833,-24.66,86,73,3.27,RU,1610456144
Smithers,54.7804,-127.1743,35.6,64,90,6.91,CA,1610456087
Kenitra,34.261,-6.5802,57.2,54,0,9.22,MA,1610456146
Phan Thiet,10.9333,108.1,71.44,68,2,12.71,VN,1610456146
Christchurch,-43.5333,172.6333,63.0,88,90,10.36,NZ,1610456147
Winnemucca,40.973,-117.7357,30.99,82,100,4.32,US,1610456147
Mvuma,-19.2792,30.5283,75.87,71,99,6.96,ZW,1610456148
Tartu,58.3806,26.7251,30.99,86,90,13.8,EE,1610456148
Barra de Tecoanapa,16.5167,-98.75,72.1,77,0,4.25,MX,1610456149
Corumbá,-19.0092,-57.6533,84.2,74,0,6.91,BR,1610456150
Ashquelon,31.6693,34.5715,80.01,34,7,1.99,IL,1610456150
Nioro,13.35,-15.75,91.47,11,83,8.93,GM,1610456151
Los Llanos de Aridane,28.6585,-17.9182,59.0,82,75,8.05,ES,1610456152
Mattru,7.6244,-11.8332,89.4,58,98,1.41,SL,1610456152
Inongo,-1.95,18.2667,80.91,65,86,3.6,CD,1610456153
Erdenet,49.0333,104.0833,-6.02,91,92,4.65,MN,1610456153
Gwanda,-20.9333,29.0,83.01,54,89,10.94,ZW,1610456154
Jutaí,-5.1833,-68.9,75.25,93,89,2.1,BR,1610456154
Mosquera,4.7059,-74.2302,57.2,58,20,6.91,CO,1610456043
Shatrovo,56.5167,64.6333,-10.7,88,100,10.83,RU,1610456155
Mercedes,-34.6515,-59.4307,68.0,47,56,1.01,AR,1610455993
Rawson,-43.3002,-65.1023,61.18,32,0,22.75,AR,1610456156
Kalmunai,7.4167,81.8167,79.47,85,96,11.03,LK,1610456157
Asău,46.4333,26.4,35.01,100,75,9.22,RO,1610456158
Teya,60.3778,92.6267,-23.8,83,92,2.86,RU,1610456158
Baykit,61.67,96.37,-24.79,81,94,2.21,RU,1610456159
Qui Nhon,13.7667,109.2333,64.89,80,100,19.15,VN,1610456159
Pedernales,18.0384,-71.744,78.53,55,100,2.46,DO,1610456160
Daru,-9.0763,143.2092,82.11,80,29,5.7,PG,1610456160
Batagay-Alyta,67.8006,130.4114,-39.53,76,6,1.95,RU,1610456161
Acaraú,-2.8856,-40.12,84.06,64,60,11.5,BR,1610456161
Zhigansk,66.7697,123.3711,-46.88,77,78,8.88,RU,1610456162
Thatcham,51.4037,-1.2605,46.99,91,82,4.0,GB,1610456162
Frankfurt am Main,50.1167,8.6833,39.99,87,90,14.97,DE,1610456163
Bathsheba,13.2167,-59.5167,75.2,83,75,21.85,BB,1610456164
Ambilobe,-13.2,49.05,84.56,71,4,7.72,MG,1610456165
Osakarovka,50.565,72.5692,4.78,93,100,27.27,KZ,1610456166
Yeniseysk,58.4497,92.1703,-20.88,87,92,2.35,RU,1610456166
Ust-Nera,64.5667,143.2,-30.44,75,88,3.91,RU,1610456167
Russell,32.3502,-85.1999,44.6,93,90,4.61,US,1610456167
Labuan,5.2767,115.2417,80.6,83,40,9.22,MY,1610456168
Manturovo,58.3353,44.7619,-10.07,90,99,4.41,RU,1610456168
Kumluca,36.3703,30.2869,64.83,63,62,5.61,TR,1610456169
Shakawe,-18.3667,21.85,86.72,48,97,4.79,BW,1610456169
Poronaysk,49.2167,143.1167,2.88,94,100,6.38,RU,1610456170
Esil,51.9556,66.4042,-4.25,90,100,11.05,KZ,1610456170
San Miguel de Tucumán,-26.8241,-65.2226,66.2,94,90,9.22,AR,1610456132
Bereda,43.2686,-7.5406,51.01,74,0,1.01,ES,1610456171
Bose,45.4612,8.0137,41.0,65,0,2.98,IT,1610456172
Xichang,27.8964,102.2634,35.35,84,100,2.93,CN,1610456173
Brazzaville,-4.2658,15.2832,86.0,66,75,5.75,CG,1610456173
Faya,18.3851,42.4509,59.0,51,75,9.22,SA,1610456174
Hualmay,-11.0964,-77.6139,71.33,80,49,6.2,PE,1610456174
Orangeville,43.9168,-80.0997,27.0,98,87,8.32,CA,1610456175
Seoni,22.0833,79.5333,67.48,43,98,8.79,IN,1610456176
Sesheke,-17.4759,24.2968,83.91,63,100,1.12,ZM,1610456177
Teberda,43.4456,41.7448,44.8,66,100,11.34,RU,1610456177
Qarqīn,37.4185,66.0436,41.52,61,0,13.56,AF,1610456178
Wairoa,-39.0333,177.3667,59.0,90,20,1.99,NZ,1610456178
Prattville,32.464,-86.4597,41.0,100,90,5.75,US,1610456179
Bay Roberts,47.5999,-53.2648,26.01,80,90,9.22,CA,1610456179
Calvinia,-31.4707,19.776,91.65,17,0,14.18,ZA,1610456180
Fare,-16.7,-151.0167,80.31,78,100,20.42,PF,1610456181
Médéa,36.2642,2.7539,55.4,82,75,9.22,DZ,1610456181
Kindersley,51.4668,-109.1682,17.6,86,40,6.91,CA,1610456182
Baijiantan,45.6333,85.1833,5.25,90,47,1.83,CN,1610455938
La Asuncion,11.0333,-63.8628,77.76,79,60,11.92,VE,1610456081
Melo,-32.3667,-54.1833,70.59,71,75,14.27,UY,1610456183
Lanzhou,36.0564,103.7922,24.01,34,0,1.07,CN,1610456185
Kruisfontein,-34.0033,24.7314,73.99,86,100,5.99,ZA,1610456186
Aranos,-24.1333,19.1167,84.81,45,98,8.28,NA,1610456187
Inta,66.0317,60.1659,-11.29,88,3,4.7,RU,1610456188
Pahrump,36.2083,-115.9839,36.0,28,1,4.61,US,1610456020
Dubbo,-32.25,148.6167,71.6,53,0,3.44,AU,1610456189
San Vicente,-26.6167,-54.1333,84.94,68,0,1.79,AR,1610456190
Yafran,32.0633,12.5286,52.54,62,78,19.28,LY,1610456190
Mozarlândia,-14.7447,-50.5706,82.27,69,100,5.28,BR,1610456191
Sandy Bay,-42.913,147.3532,57.99,67,75,4.61,AU,1610456191
Maningrida,-12.0667,134.2667,83.64,78,0,4.79,AU,1610456192
Ola,59.5833,151.2833,5.18,93,100,8.57,RU,1610456192
Karratha,-20.7377,116.8463,88.25,55,0,13.24,AU,1610456193
Poso,-1.3959,120.7524,80.4,76,100,3.58,ID,1610456193
Waddān,29.1614,16.139,68.7,43,100,15.17,LY,1610456194
Coquimbo,-29.9533,-71.3436,59.0,88,20,4.61,CL,1610456195
Trairi,-3.2778,-39.2689,85.53,58,98,9.1,BR,1610456196
Kontagora,10.3999,5.4695,101.46,8,0,3.36,NG,1610456196
Byndoor,13.8667,74.6333,84.31,51,100,5.64,IN,1610456197
Savasleyka,55.4606,42.3207,-4.27,91,15,2.19,RU,1610456197
Neiafu,-18.65,-173.9833,77.0,94,20,11.27,TO,1610456198
Cabedelo,-6.9811,-34.8339,86.0,66,75,10.36,BR,1610456198
College,64.8569,-147.8028,-2.2,78,40,1.95,US,1610456199
Kenai,60.5544,-151.2583,28.4,74,20,14.97,US,1610456199
Fairbanks,64.8378,-147.7164,-2.2,78,40,1.61,US,1610456200
Chimbote,-9.0853,-78.5783,70.27,83,34,5.39,PE,1610456200
Garmsār,35.2182,52.3409,50.54,46,0,2.77,IR,1610456201
Cap-aux-Meules,47.3821,-61.8597,28.4,80,100,8.05,CA,1610456042
General Pico,-35.6566,-63.7568,72.95,19,0,10.22,AR,1610456202
Tornio,65.8481,24.1466,5.0,78,0,17.27,FI,1610456203
Verkh-Suetka,53.3,80.05,4.93,93,100,16.82,RU,1610456203
Ovalle,-30.5983,-71.2003,73.09,31,0,3.89,CL,1610456204
Husavik,66.0449,-17.3389,5.0,85,0,3.44,IS,1610456205
Mogadishu,2.0371,45.3438,80.6,65,0,24.7,SO,1610456205
Kavieng,-2.5744,150.7967,83.05,78,55,16.71,PG,1610456206
Maţāy,28.419,30.7792,83.57,17,100,9.1,EG,1610456206
Qaqortoq,60.7167,-46.0333,42.8,33,75,20.71,GL,1610456207
Shahr-e Bābak,30.1165,55.1186,49.71,40,0,3.8,IR,1610456207
Inírida,3.8653,-67.9239,76.57,87,71,2.46,CO,1610456208
Olafsvik,64.8945,-23.7142,35.1,83,51,15.88,IS,1610456208
Helong,42.5397,128.9972,14.32,88,100,4.97,CN,1610456209
Lagos,6.5833,3.75,91.9,51,29,4.36,NG,1610455965
Sampit,-2.5333,112.95,77.16,91,45,2.24,ID,1610456210
Marystown,47.1666,-55.1483,31.42,93,100,10.63,CA,1610455934
Avenal,36.0041,-120.129,37.4,80,1,4.61,US,1610456211
Nekrasovka,48.3525,135.2325,3.2,66,20,4.47,RU,1610456212
Chulym,55.0997,80.9572,-10.66,87,100,13.62,RU,1610456212
Tubualá,9.5167,-79.0333,75.2,94,40,2.3,PA,1610456213
Paján,-1.5667,-80.4167,74.53,82,83,0.43,EC,1610456213
Abu Samrah,35.3029,37.1841,70.56,31,0,4.34,SY,1610456214
Ulaangom,49.9811,92.0667,-15.34,83,93,0.38,MN,1610456215
Misratah,32.3754,15.0925,63.52,57,100,21.36,LY,1610456215
Buraidah,26.326,43.975,66.2,42,0,3.44,SA,1610456216
Ewo,-0.8725,14.8206,89.62,47,99,0.29,CG,1610456216
Ambulu,-8.345,113.6058,78.35,87,100,3.76,ID,1610456217
Nālūt,30.3333,10.85,61.65,29,0,16.2,LY,1610456217
Luganville,-15.5333,167.1667,79.74,78,100,3.65,VU,1610456218
Malbork,54.0359,19.0266,34.0,100,100,14.32,PL,1610456218
Young,-32.6833,-57.6333,71.01,72,100,3.0,UY,1610456219
Thanjavur,10.8,79.15,77.0,88,90,10.36,IN,1610456219
Ibotirama,-12.1853,-43.2206,83.3,69,0,2.89,BR,1610456220
Merauke,-8.4667,140.3333,83.19,80,100,5.46,ID,1610456221
Sainte-Thècle,46.8168,-72.4991,24.8,93,98,1.14,CA,1610456221
Sola,-13.8833,167.55,83.93,79,100,3.53,VU,1610456222
Tijāra,27.9333,76.85,59.0,6,0,5.82,IN,1610456222
Lock Haven,41.137,-77.4469,28.99,94,100,6.85,US,1610456223
Amuntai,-2.4177,115.2494,77.13,91,97,2.86,ID,1610456224
Norsup,-16.0667,167.3833,82.27,79,100,1.3,VU,1610456225
Siocon,7.7061,122.1353,78.49,83,100,7.29,PH,1610456226
Laurinburg,34.7741,-79.4628,43.0,93,90,5.75,US,1610455936
Arrondissement de Morlaix,48.5833,-4.0,51.8,93,90,19.57,FR,1610456227
Slave Lake,55.2834,-114.769,21.2,86,1,2.3,CA,1610456227
Mackay,-21.15,149.2,78.8,83,75,18.41,AU,1610456098
Umluj,25.0213,37.2685,80.38,33,0,8.63,SA,1610456228
Ormara,25.2088,64.6357,71.51,30,0,7.47,PK,1610456229
Beian,63.6559,9.5683,28.4,86,90,18.41,NO,1610456229
Alappuzha,9.49,76.3264,74.1,92,100,9.24,IN,1610456230
Herveo,5.0833,-75.1667,60.42,79,20,1.99,CO,1610456230
Bara,10.3744,10.7288,91.4,24,0,9.22,NG,1610456231
Dakar,14.6937,-17.4441,68.0,73,0,13.8,SN,1610456207
Solnechnyy,50.7214,136.6319,-9.13,87,28,0.67,RU,1610456232
Beitbridge,-22.2167,30.0,91.92,37,51,13.58,ZW,1610456232
Aswān,24.0934,32.907,86.72,17,0,13.13,EG,1610456233
Beringovskiy,63.05,179.3167,-18.0,86,100,13.51,RU,1610456233
Mariehamn,60.0973,19.9348,30.2,93,90,6.91,AX,1610456234
Bulgan,48.8125,103.5347,-2.88,82,0,0.94,MN,1610456235
Tairua,-37.0167,175.85,69.01,81,49,10.0,NZ,1610456235
Primorsko-Akhtarsk,46.0497,38.1747,36.21,81,100,15.99,RU,1610456236
Khasan,42.4308,130.6434,24.17,89,100,6.04,RU,1610456236
Kamsack,51.5667,-101.9009,19.4,93,1,9.22,CA,1610456237
Lata,40.1629,-8.3327,52.0,55,0,1.88,PT,1610456237
Xaçmaz,41.4635,48.806,44.11,90,100,11.43,AZ,1610456238
Nelson Bay,-32.7167,152.15,72.0,78,100,8.05,AU,1610456238
Wajima,37.4,136.9,42.75,67,97,17.13,JP,1610456239
Bonfim,3.0833,-59.95,77.0,88,40,13.8,BR,1610456239
Assis,-22.6617,-50.4122,80.01,78,70,8.48,BR,1610456240
Sambava,-14.2667,50.1667,84.56,64,0,6.26,MG,1610456240
Juneau,58.3019,-134.4197,41.0,65,90,13.8,US,1610456241
Yoichi,43.2039,140.7703,30.99,96,100,4.5,JP,1610456241
Port Macquarie,-31.4333,152.9167,64.0,94,98,7.43,AU,1610456206
Saint-Louis,16.3333,-15.0,77.0,38,0,4.61,SN,1610456242
Ust'-Uda,54.1742,103.0304,-20.18,85,100,1.05,RU,1610456243
Kiunga,-6.1219,141.2906,76.01,98,100,4.74,PG,1610456244
Moerai,-22.4333,-151.3333,79.97,76,59,16.64,PF,1610456244
Egvekinot,66.3167,-179.1667,-12.1,86,100,14.79,RU,1610456245
Chānasma,23.7167,72.1167,69.67,33,0,4.29,IN,1610456246
Bairiki Village,1.3292,172.9752,78.8,89,90,10.36,KI,1610456246
Kaeo,-35.1,173.7833,64.0,91,27,1.99,NZ,1610456247
Canarana,-11.6847,-41.7689,79.81,63,9,5.75,BR,1610456247
Tezu,27.9167,96.1667,61.88,78,100,3.53,IN,1610456248
Northam,51.0333,-4.2167,51.01,99,100,5.99,GB,1610456249
Krasnovka,48.8177,40.0923,24.42,96,100,4.97,RU,1610456249
Panzhihua,26.5851,101.7128,39.74,73,40,1.05,CN,1610456250
Gornopravdinsk,60.05,69.9,-23.22,85,0,4.36,RU,1610456250
Ippy,6.2679,21.2247,103.77,8,0,3.2,CF,1610456251
Duku,11.2361,4.9073,99.05,8,0,5.32,NG,1610456251
Zhuhai,22.2769,113.5678,54.0,40,0,3.44,CN,1610456252
Beni,0.5,29.4667,83.46,41,99,2.35,CD,1610456252
The Valley,18.217,-63.0578,78.8,78,40,11.5,AI,1610456185
Fort Nelson,58.8053,-122.7002,8.6,92,40,4.61,CA,1610456254
Muskegon,43.3,-86.1334,35.6,80,90,14.97,US,1610456157
Mahina,-17.5065,-149.489,77.0,78,75,3.44,PF,1610456255
Kushiro,42.975,144.3747,23.0,93,75,10.36,JP,1610456255
Haines Junction,60.7522,-137.5108,8.6,92,99,1.14,CA,1610456256
San Jose,37.3394,-121.895,50.0,87,1,0.11,US,1610456206
